title,authors,year,citations,abstract,result_id,publication_info,pdf_links,url,total_results,search_time
Contact-Capacity-Aware Feasibility and Scheduling-Complexity Boundaries in LEO Satellite–Terrestrial MEC with In-Loop KKT Resource Allocation,"H Jin, K Wang",2026,0,… Mobile edge computing (MEC) brings computation closer to … satellite access as a dual-layer switching contact process and … volume available during the remaining contact. The exact test …,-06_bvk7EpUJ,"H Jin, K Wang - IEEE Open Journal of the Communications …, 2026 - ieeexplore.ieee.org",['https://ieeexplore.ieee.org/iel8/8782661/8901158/11692884.pdf'],https://ieeexplore.ieee.org/abstract/document/11692884/,unknown,unknown
Dynamic digital twin and online scheduling for contact window resources in satellite network,"H Fan, J Long, L Liu, Z Yang",2022,30,"… the dynamic scheduling problem of satellite contact windows with variable task priority based … Wang, “Imitation learning enabled task scheduling for online vehicular edge computing,” …",z_w2M2KTqMQJ,"H Fan, J Long, L Liu, Z Yang - IEEE Transactions on Industrial …, 2022 - ieeexplore.ieee.org",[],https://ieeexplore.ieee.org/abstract/document/9982420/,unknown,unknown
Satellite-enabled edge intelligence for climate-resilient emergency mobility: A survey of on-orbit edge computing,"P Zong, Z Ou, R An, Q Zhao, G Zhang…",2026,2,"… data volumes and limited contact windows make purely ground-… Subsequently, the PTMB online satellite task scheduling … address joint scheduling and orchestration in inter-satellite …",aoWvC523sicJ,"P Zong, Z Ou, R An, Q Zhao, G Zhang… - IEEE Transactions …, 2026 - ieeexplore.ieee.org",[],https://ieeexplore.ieee.org/abstract/document/11466345/,unknown,unknown
Dual-timescales optimization of task scheduling and resource slicing in satellite-terrestrial edge computing networks,"T Huang, Z Fang, Q Tang, R Xie…",2024,41,"… communication transmission rate from satellite node n to satellite node m, Rn,0 represent the communication … policy within a larger planning window to maximize the overall network …",JtlHV5Jn4CgJ,"T Huang, Z Fang, Q Tang, R Xie… - … on Mobile Computing, 2024 - ieeexplore.ieee.org",[],https://ieeexplore.ieee.org/abstract/document/10629187/,unknown,unknown
Time-sensitive scheduling mechanism based on end-to-end collaborative latency tolerance for low-earth-orbit satellite networks,"F Wang, H Yao, W He, H Chang…",2023,59,"… aim to address the problem of joint queue scheduling for end-… the resulting two queue service windows are strictly isolated in … Wan, “Aerial edge computing on orbit: A task offloading and …",tBGeEL78ZWoJ,"F Wang, H Yao, W He, H Chang… - IEEE Transactions on …, 2023 - ieeexplore.ieee.org",[],https://ieeexplore.ieee.org/abstract/document/10360265/,unknown,unknown
Deep reinforcement learning and edge computing for multisatellite on-orbit task scheduling,"Q Jiang, P Han, X Xin, K Chen",2025,3,"… To address these constraints, we investigate satellite edge … To describe such scenario, we use [tcn st,tcn ed] to represent connectable window of the satellite-to-ground link. After all …",gvFofhfeHwkJ,"Q Jiang, P Han, X Xin, K Chen - IEEE Transactions on …, 2025 - ieeexplore.ieee.org",[],https://ieeexplore.ieee.org/abstract/document/11051113/,unknown,unknown
Online computation offloading for collaborative space/aerial-aided edge computing toward 6G system,"Y Liu, L Jiang, Q Qi, K Xie, S Xie",2023,115,"… and satellites’ energy level, communication conditions and … -aided edge computing framework, in which the LEO satellites … online task scheduling policy to solve per-slot task scheduling …",s75G3in2ciMJ,"Y Liu, L Jiang, Q Qi, K Xie, S Xie - IEEE Transactions on …, 2023 - ieeexplore.ieee.org",[],https://ieeexplore.ieee.org/abstract/document/10243118/,unknown,unknown
Joint service deployment and task scheduling for satellite edge computing: A two-timescale hierarchical approach,"Q Tang, R Xie, Z Fang, T Huang, T Chen…",2024,147,"… communication model, we define the communication state … cold started on LEO satellite n for the current planning window δj,n, … policy for the previous planning window, denoted by v′ …",96Ej8vg2gT8J,"Q Tang, R Xie, Z Fang, T Huang, T Chen… - IEEE Journal on …, 2024 - ieeexplore.ieee.org",[],https://ieeexplore.ieee.org/document/10436113/,unknown,unknown
Decentralized and orbit-aware scheduling for computational tasks in satellite edge computing,D Magliarisi,2026,0,… we introduce the Decentralized Task Scheduling (DTS) … mobile edge computing and satellite communication networks … satellite leaves the user’s visibility window. We specifically …,cujB-eeeHbUJ,D Magliarisi - 2026 - iris.uniroma1.it,['https://iris.uniroma1.it/bitstream/11573/1767729/1/Tesi_dottorato_Magliarisi.pdf'],https://iris.uniroma1.it/handle/11573/1767729,unknown,unknown
